customer_id,first_name,last_name,date_of_birth,email,phone_number,address,city,state,postal_code,country,annual_income,employment_status,account_open_date,credit_score
1,Kimberly,Lucero,6/24/1987,powellmegan@example.com,3532944575,6440 Castillo Spur,Honolulu,Hawaii,96779,United States,75524,Employed,9/28/2021,581
2,Anne,Adkins,7/30/1981,joseph09@example.net,(396)861-5955x58135,719 James Causeway,Concord,New Hampshire,3141,United States,17387,Unemployed,9/16/2024,404
3,Calvin,Mora,2/9/2003,sharpryan@example.org,+1-993-304-4243x643,23794 Kevin Valley Apt. 817,Boise,Idaho,83302,United States,10833,Student,2/17/2015,389
4,Lindsay,White,4/21/1983,amandaleonard@example.net,320-983-9252x88234,3947 Bryan Cliff Apt. 989,Boise,Idaho,83307,United States,79106,Employed,3/7/2022,330
5,Chase,Williams,7/20/1988,jameswilson@example.com,257.268.3141x5558,40131 Delgado Creek Apt. 068,Santa Fe,New Mexico,88191,United States,12825,Unemployed,12/5/2018,817
6,Jesse,Wheeler,10/14/1996,aaron17@example.net,(306)802-9977x33046,1562 Walker Glens,Columbus,Ohio,45017,United States,12403,Student,11/7/2020,503
7,Anna,Bell,2/16/1998,andrew13@example.org,607-778-5244,57288 Cooke Tunnel,Phoenix,Arizona,86391,United States,7418,Student,6/21/2022,729
8,Jennifer,Lambert,9/10/1994,teresaharris@example.org,553.971.1201x13747,945 Smith Mountains Apt. 565,Charleston,West Virginia,25833,United States,7527,Student,5/29/2021,584
9,Scott,Alexander,2/8/1986,christopherdiaz@example.com,(639)386-5872,777 Bryan Loop Apt. 548,Tallahassee,Florida,32230,United States,67328,Employed,2/24/2023,463
10,Heather,Morrison,11/13/1977,daniel86@example.org,001-875-897-0000x00998,98231 Lisa Well,Des Moines,Iowa,52101,United States,82024,Self-Employed,6/15/2019,584
11,Jessica,Munoz,12/21/1976,kirkshannon@example.net,472-534-8204x64288,97685 Gibbs Streets,Des Moines,Iowa,52476,United States,107213,Self-Employed,6/16/2021,404
12,Jacob,Garcia,9/1/1984,ginamorales@example.net,001-261-713-2717x94914,33082 Thomas Brooks,Denver,Colorado,80925,United States,97648,Employed,5/7/2017,667
13,Joanna,Pena,12/6/1996,colindougherty@example.com,278-544-9214x359,0327 Oliver Divide,Indianapolis,Indiana,46138,United States,10513,Student,8/18/2022,570
14,Vincent,White,6/21/1961,sjenkins@example.com,(310)499-3450x41671,541 Tracie Parks Apt. 075,Salem,Oregon,97864,United States,75441,Retired,8/11/2024,849
15,Matthew,Galvan,1/10/1953,patriciagibson@example.org,(471)772-0243,05310 Johnson Tunnel,Saint Paul,Minnesota,56125,United States,66327,Retired,3/12/2018,380
16,Joe,Lopez,8/3/1993,keith08@example.com,6278659669,4157 Nicole River Apt. 429,Santa Fe,New Mexico,87783,United States,11979,Student,8/24/2017,670
17,Chris,Pacheco,5/7/1993,martinezmary@example.org,4164039044,95788 Mary Pass,Juneau,Alaska,99672,United States,58711,Employed,12/1/2020,346
18,Nicholas,Anderson,11/27/1967,mullinsjacob@example.org,-4474,987 Rangel Forks Apt. 972,Saint Paul,Minnesota,56177,United States,92770,Self-Employed,10/24/2023,381
19,Jerry,Scott,5/10/1984,dustinlopez@example.com,001-216-469-9888x16302,65961 Benjamin Inlet Apt. 125,Lincoln,Nebraska,69093,United States,74168,Employed,9/14/2015,689
20,Sandra,Ramos,6/4/1973,nicole02@example.org,(620)217-4960,70123 Miguel Green,Bismarck,North Dakota,58759,United States,55055,Self-Employed,8/3/2018,466
21,Shawn,Francis,6/28/1983,maciasbrandon@example.org,322-851-4404,33120 Donna Rue,Montgomery,Alabama,35715,United States,18174,Unemployed,3/26/2017,573
22,Richard,Clayton,10/2/1983,williecalhoun@example.com,359-341-9532x32383,21050 Lindsay Throughway Suite 914,Lansing,Michigan,48228,United States,57772,Employed,7/28/2016,475
23,Johnny,Russell,5/13/1988,jay57@example.org,-9308,2456 Robbins Extensions Suite 854,Columbia,South Carolina,29936,United States,18472,Unemployed,3/27/2022,467
24,Joseph,Shaw,5/21/1965,casey27@example.org,+1-729-982-0044x81934,69428 Jack Branch,Atlanta,Georgia,30677,United States,109897,Self-Employed,9/27/2016,524
25,Shawn,Burke,3/28/1989,donaldbates@example.net,(667)892-4543,83026 Olivia Junction,Charleston,West Virginia,25591,United States,74676,Employed,2/16/2022,534
26,Martin,Grimes,7/17/1990,vanessareynolds@example.org,593-966-7763,77596 Davis Mount Apt. 550,Boston,Massachusetts,2658,United States,103514,Self-Employed,2/9/2016,710
27,Dominique,Robertson,10/27/1999,silvastephen@example.net,+1-515-301-4156x5981,36089 Scott Terrace,Charleston,West Virginia,26250,United States,10204,Unemployed,11/5/2022,622
28,Victoria,Castro,10/20/1967,kimsean@example.net,857.553.2474,829 Brown Mission Suite 296,Harrisburg,Pennsylvania,16306,United States,70706,Retired,12/7/2020,705
29,Christopher,Hicks,7/29/1959,emilycole@example.net,(401)761-4294x552,2985 York Crossing Suite 545,Pierre,South Dakota,57600,United States,63345,Retired,5/11/2015,446
30,Arthur,Williams,11/8/1982,qnewton@example.org,880-231-5395x67670,949 Leslie Station Apt. 643,Baton Rouge,Louisiana,70939,United States,18328,Unemployed,4/8/2015,569
31,Taylor,Andrews,8/6/1969,josephholmes@example.com,512-376-4864,92881 Davis Parkways Suite 791,Olympia,Washington,99358,United States,78031,Retired,6/19/2017,708
32,John,Spence,9/22/1996,zacharycarey@example.org,(603)260-6225,796 Christian Orchard Suite 677,Annapolis,Maryland,20746,United States,15685,Unemployed,12/26/2015,821
33,Charles,Navarro,3/28/1997,anthonyyoung@example.net,+1-473-234-3231x871,291 Shawna Turnpike Suite 657,Saint Paul,Minnesota,55916,United States,65149,Employed,3/26/2015,412
34,Melissa,Ponce,10/29/1982,tonibarron@example.org,(756)682-5674x0547,463 Newman Station Suite 367,Austin,Texas,74109,United States,14687,Unemployed,3/7/2017,732
35,Michael,Wilson,2/9/1959,derekmckay@example.com,(672)267-2371x565,087 Vaughn Plaza,Des Moines,Iowa,50501,United States,70870,Retired,6/10/2021,690
36,William,Smith,1/23/1951,williamclark@example.com,8793048824,456 Alex Turnpike Suite 544,Tallahassee,Florida,34268,United States,60759,Retired,11/1/2019,841
37,Cody,May,3/3/2000,eross@example.net,375-232-1196,66366 Patty Brooks,Charleston,West Virginia,25526,United States,7946,Student,6/7/2023,311
38,Kevin,Johnson,1/13/1991,juliefarrell@example.com,473.377.6531,57021 Mora Hill,Tallahassee,Florida,32348,United States,75629,Employed,12/2/2015,849
39,Kelly,Cochran,4/17/1981,gary78@example.com,001-626-242-7715x856,16324 Santana Gardens,Bismarck,North Dakota,58449,United States,83943,Self-Employed,2/24/2021,414
40,Andrew,Nguyen,3/2/1983,omcgee@example.org,472.362.2685x9544,414 Phillips Stream,Jackson,Mississippi,39663,United States,18335,Unemployed,12/17/2015,764
41,Christopher,Robinson,12/25/1965,scott99@example.net,755.453.9432x241,58910 Collins Crest,Salt Lake City,Utah,84347,United States,116943,Self-Employed,10/15/2022,812
42,Carla,Greer,4/16/2000,brownjade@example.com,846.889.9606,9521 Freeman Hills,Nashville,Tennessee,38130,United States,10089,Student,7/29/2017,408
43,Gary,Alvarez,11/4/1978,brookenelson@example.org,+1-676-685-1394x044,4880 Matthew Freeway Suite 461,Columbia,South Carolina,29381,United States,111547,Self-Employed,4/2/2017,819
44,Ashley,Whitaker,9/26/1983,laurawilcox@example.com,3102553177,0946 Gilbert Shores Suite 196,Tallahassee,Florida,33478,United States,10823,Unemployed,11/25/2021,682
45,Richard,Weber,5/14/1994,zflores@example.com,(280)961-0338x605,4007 Cody Falls,Baton Rouge,Louisiana,70921,United States,6340,Student,10/10/2020,843
46,Parker,Campos,1/1/2003,williamssamuel@example.com,6638738595,784 Emily Fort,Boston,Massachusetts,1294,United States,7813,Student,12/8/2021,631
47,Nicholas,Evans,1/20/1994,sarawalsh@example.org,371-600-4891x9223,23495 Curry Extensions Apt. 658,Little Rock,Arkansas,71994,United States,43348,Employed,9/19/2016,671
48,Katrina,Crosby,4/10/1966,hallmario@example.net,210.992.1454x151,0914 Klein Stravenue,Oklahoma City,Oklahoma,73143,United States,66420,Self-Employed,12/14/2015,545
49,Samantha,Ortega,3/7/2002,cconner@example.com,(377)301-3303x829,348 Logan Isle Suite 987,Montpelier,Vermont,5621,United States,12900,Student,12/4/2017,380
50,David,Medina,6/11/1962,weissbruce@example.net,7895414194,60345 Wallace Drives,Frankfort,Kentucky,41890,United States,69411,Retired,7/6/2022,370
51,Kimberly,Spence,10/1/1993,erin44@example.com,(445)606-1463x35611,28098 Kara Pines Suite 976,Salt Lake City,Utah,84208,United States,11884,Student,12/18/2021,428
52,Alex,Stanley,2/21/1960,robertsmith@example.net,952-227-8405x83951,9980 Vasquez Pass,Saint Paul,Minnesota,55214,United States,68467,Retired,5/20/2016,469
53,Kelly,Hunt,3/3/1997,daviskristina@example.net,+1-835-569-4095x9362,508 Harris Turnpike,Bismarck,North Dakota,58445,United States,9725,Student,8/16/2018,733
54,Dylan,Schmidt,9/12/1997,brandonwilliams@example.net,768.458.8308,8500 George Green,Carson City,Nevada,89513,United States,14623,Student,4/19/2020,505
55,Jason,Clayton,5/30/1969,sfuentes@example.com,599.894.0624x0091,542 Olivia Viaduct,Albany,New York,5072,United States,66884,Retired,5/20/2022,682
56,Jessica,Edwards,10/2/1995,xnelson@example.org,+1-576-386-3218x32661,024 Donna Inlet Suite 295,Bismarck,North Dakota,58589,United States,12531,Student,8/18/2020,762
57,Joshua,Brown,4/16/1992,agray@example.org,+1-423-368-1039x198,1820 David Trafficway Suite 658,Lincoln,Nebraska,68136,United States,10072,Unemployed,9/22/2015,365
58,Michael,Morgan,12/30/1998,linda24@example.net,664-355-3637,264 Steele Vista Suite 869,Santa Fe,New Mexico,88313,United States,5727,Student,12/7/2020,535
59,Alejandra,Fisher,11/19/1981,youngdavid@example.net,927-478-2406,6655 Howe Orchard,Bismarck,North Dakota,58820,United States,57339,Employed,4/26/2024,372
60,Juan,Alvarez,10/8/1991,ojordan@example.org,5758295460,7595 Angela Plaza Suite 720,Oklahoma City,Oklahoma,73915,United States,46963,Employed,5/29/2023,534
61,Robin,Scott,2/18/1986,michelle85@example.com,958.527.6215x25544,49367 Jason Prairie,Columbus,Ohio,45849,United States,68853,Employed,5/10/2016,638
62,Daniel,Keller,7/4/1988,dillonholmes@example.org,371.557.3000,638 Susan Inlet,Austin,Texas,85753,United States,10199,Unemployed,6/15/2016,585
63,Kimberly,Ramirez,12/1/1993,anthony52@example.net,-3252,373 Micheal River Apt. 864,Cheyenne,Wyoming,82014,United States,12167,Unemployed,4/23/2020,435
64,Sara,Hodges,12/10/1993,michael41@example.org,363-843-9492,976 Nicholas Pass Apt. 275,Hartford,Connecticut,6616,United States,5276,Student,4/16/2017,784
65,Travis,Kim,3/15/1950,crosbyreginald@example.com,382-450-4721x9205,41118 Kevin Neck,Boston,Massachusetts,4765,United States,65606,Retired,9/8/2022,716
66,Katrina,Carrillo,6/16/2000,pedrobass@example.org,753.905.4713x377,23162 Kimberly Path,Montgomery,Alabama,36303,United States,53289,Employed,7/24/2016,741
67,Jason,Smith,11/8/1965,terrymueller@example.com,001-694-379-1396x89261,078 Megan Village Suite 183,Raleigh,North Carolina,27589,United States,73657,Retired,6/1/2019,778
68,Kaylee,Baker,10/9/1998,zroberts@example.net,489.624.3709x36276,0126 Vincent Ferry,Oklahoma City,Oklahoma,73926,United States,51445,Employed,4/24/2019,400
69,Kim,Clark,10/13/1988,rchapman@example.net,-10555,6165 Riley Street Apt. 670,Des Moines,Iowa,51983,United States,107333,Self-Employed,6/30/2020,411
70,Matthew,Jennings,6/18/1981,timothyholloway@example.org,412-941-9500,673 Hall Center,Austin,Texas,76999,United States,15957,Unemployed,2/3/2016,849
71,Jason,Harris,2/19/1970,kramersusan@example.com,+1-265-409-3950x116,56704 Coleman Creek,Salt Lake City,Utah,84006,United States,62912,Retired,2/25/2019,487
72,Vincent,Taylor,6/28/1984,steven26@example.com,813-237-4330x0498,228 Russell Cliff,Des Moines,Iowa,52158,United States,15091,Unemployed,11/26/2019,377
73,Matthew,Knapp,3/4/2004,zbell@example.com,734-902-0903,705 Graham Lodge,Indianapolis,Indiana,47652,United States,7349,Student,1/26/2022,400
74,Derrick,Mata,11/12/2003,hlozano@example.org,3589521685,0900 Shelly Camp,Lansing,Michigan,48704,United States,7199,Student,12/22/2017,315
75,Gabriella,Clark,5/28/1985,whitney37@example.net,951.338.1628,877 Gentry Extension,Sacramento,California,90897,United States,12946,Unemployed,11/9/2021,470
76,Catherine,Williams,9/14/1967,iturner@example.net,-5297,833 Bryan Circle,Raleigh,North Carolina,28130,United States,78038,Retired,4/18/2018,518
77,Troy,Fox,8/4/1986,ilopez@example.org,268.850.1274x268,00721 Hall Pine,Jackson,Mississippi,38972,United States,45521,Employed,7/7/2019,468
78,Heather,Hopkins,8/30/1962,jacksonadam@example.org,844.558.4519x891,18765 Susan Rest Apt. 658,Indianapolis,Indiana,47189,United States,66563,Retired,5/26/2020,571
79,Jacob,Mccann,11/5/1956,brenda03@example.com,001-471-828-7401,77657 Erin Corner,Albany,New York,3554,United States,76373,Retired,12/18/2020,592
80,Timothy,Matthews,12/26/1997,estephens@example.com,001-515-792-6416,833 Cruz Fort Suite 345,Jackson,Mississippi,39604,United States,12926,Student,5/16/2021,798
81,Todd,Davis,2/24/1967,christopherfrench@example.com,+1-649-381-4735x5880,69453 Howe Freeway Apt. 969,Lansing,Michigan,49750,United States,60184,Self-Employed,9/6/2021,522
82,Diane,Bishop,7/19/1996,mcook@example.org,305.921.0090,830 Sullivan Expressway,Boston,Massachusetts,4642,United States,7607,Student,7/22/2021,362
83,Evan,Russell,9/24/1984,millersharon@example.com,(269)357-4986,7882 King Mill,Charleston,West Virginia,25107,United States,66051,Employed,8/3/2016,351
84,Ian,Floyd,7/10/2004,rbowen@example.org,001-764-639-8190x5021,0248 Pennington Squares,Providence,Rhode Island,2825,United States,9683,Student,6/16/2017,843
85,Christopher,Curtis,1/5/2004,markgreen@example.org,770.854.4654x8183,3483 Snow Fords,Annapolis,Maryland,21893,United States,9651,Student,7/1/2016,382
86,Joseph,Wilson,11/26/1992,gloriacarroll@example.net,349-875-2023,939 Patricia Viaduct Apt. 945,Topeka,Kansas,66320,United States,54928,Employed,10/21/2017,369
87,David,Willis,4/27/1991,vanessabender@example.org,001-384-698-2530x54842,229 Robert Isle,Frankfort,Kentucky,40466,United States,15220,Unemployed,9/28/2017,713
88,Anne,Warner,3/5/1998,cherylscott@example.com,001-447-772-6329x921,246 Dominguez Drives Suite 694,Nashville,Tennessee,37862,United States,7811,Student,2/8/2017,552
89,Gary,West,2/9/1988,laura27@example.org,794-667-1052x41388,56056 Harvey Pass,Juneau,Alaska,99550,United States,77242,Employed,8/24/2024,383
90,Rachel,Vance,12/8/1996,gdavenport@example.org,5707433402,3563 Daniel Summit,Montpelier,Vermont,5739,United States,9151,Student,11/25/2016,835
91,Regina,Campbell,12/14/1975,rachelshaw@example.net,(667)203-9094x995,3367 Miller Ridges,Indianapolis,Indiana,47236,United States,91790,Self-Employed,1/10/2023,509
92,Charles,Mann,7/23/1972,powellashley@example.com,809.917.7036,90756 Carla Stravenue,Dover,Delaware,19844,United States,95248,Self-Employed,1/10/2016,544
93,Joy,Smith,7/28/1984,angelcampbell@example.com,001-367-391-4574x379,05729 Henry Flat,Little Rock,Arkansas,72872,United States,16573,Unemployed,10/29/2020,607
94,Lori,Stein,10/13/1981,carol12@example.net,(626)586-2865x2649,67578 Clark Fords Suite 525,Boston,Massachusetts,4354,United States,45483,Employed,1/22/2019,309
95,Jennifer,Scott,6/8/1994,barkervalerie@example.org,(654)736-9295,07133 Smith Burg,Nashville,Tennessee,37547,United States,8602,Student,11/26/2021,402
96,Lynn,Martinez,11/29/1991,susanross@example.net,-5024,27639 Nathan Shoals,Columbia,South Carolina,29878,United States,12383,Unemployed,5/15/2017,818
97,Donna,Colon,10/20/1966,kevinhebert@example.net,+1-362-353-0154x6504,5275 Alvarez Locks Suite 939,Carson City,Nevada,89589,United States,79584,Self-Employed,7/6/2018,370
98,Jennifer,Campbell,8/31/1973,susan31@example.org,001-289-849-4079x7449,959 Palmer Courts Suite 104,Santa Fe,New Mexico,88325,United States,84723,Self-Employed,5/16/2021,591
99,William,Vasquez,4/17/1990,hughesmichael@example.com,(323)387-2249,1909 Robert Drives,Richmond,Virginia,21945,United States,9078,Student,6/3/2024,609
100,Jennifer,Andrews,9/26/2001,nandrews@example.net,767.774.8581x839,8814 Joan Mountain Suite 011,Montgomery,Alabama,36240,United States,10350,Student,4/21/2021,308
101,Mike,Campbell,10/14/2001,cohenkendra@example.org,665-253-2219x322,466 Moore Port,Topeka,Kansas,66218,United States,10625,Student,1/23/2021,606
102,Nicole,Fernandez,7/8/1986,ushields@example.com,001-221-344-6071,608 Julie Manors Suite 842,Little Rock,Arkansas,71700,United States,45183,Employed,6/7/2021,437
103,Mary,Delgado,2/16/1989,karenharrington@example.net,+1-349-293-0144x5032,6833 Michael Green,Frankfort,Kentucky,40553,United States,64152,Employed,10/23/2017,459
104,Kevin,Sutton,4/13/2003,espinozachristopher@example.net,(272)838-4327,29933 Miller Manors,Springfield,Illinois,62912,United States,5622,Student,6/8/2023,515
105,James,Waller,7/6/1995,fieldsjohnathan@example.org,260.479.5177x5922,67471 Shaw Square Suite 553,Helena,Montana,59047,United States,13689,Unemployed,10/21/2023,570
106,Douglas,Miller,10/26/1978,torreskevin@example.org,+1-924-926-8256x610,85906 Mccoy Lake,Denver,Colorado,81614,United States,115161,Self-Employed,6/9/2020,352
107,Mitchell,Franklin,8/6/1956,kanelisa@example.org,(461)933-0210,3612 Bennett Unions,Cheyenne,Wyoming,82172,United States,74400,Retired,12/17/2016,583
108,Michele,Ray,4/14/1969,paigerojas@example.org,+1-845-388-5611x2308,5640 Hall Ports Apt. 953,Atlanta,Georgia,34807,United States,84992,Self-Employed,8/10/2018,433
109,Allison,Robinson,6/17/1971,tinacarey@example.net,803-397-9231x0213,917 Patricia Corners Apt. 104,Austin,Texas,73507,United States,100725,Self-Employed,8/8/2017,465
110,Joel,David,11/19/2004,shannon03@example.com,001-893-258-2475,48275 Morton Burgs,Albany,New York,11625,United States,7102,Student,9/18/2022,737
111,Gina,Hernandez,7/14/1984,robertschristine@example.org,951.937.6799x400,47407 Michael Club,Des Moines,Iowa,51997,United States,60778,Employed,4/11/2019,377
112,Karen,Hudson,9/24/1997,kevincruz@example.org,948.575.0454x655,19120 Meyer Heights Suite 167,Providence,Rhode Island,2899,United States,14302,Unemployed,1/30/2022,336
113,Scott,Hays,11/5/2004,nholden@example.org,260-309-9296,88250 Brendan Shores Apt. 323,Carson City,Nevada,89198,United States,10976,Student,1/30/2016,451
114,Jamie,Bird,2/19/1996,lisa18@example.com,+1-270-430-9487x167,926 Patrick Motorway,Topeka,Kansas,67049,United States,48692,Employed,8/10/2019,615
115,Diane,Ortiz,9/29/1990,umarquez@example.net,976-800-5918x11354,513 Debbie Rue Suite 299,Tallahassee,Florida,33510,United States,43443,Employed,2/13/2016,666
116,Andrew,Byrd,4/30/1995,wendyodonnell@example.net,(662)877-9130x902,7879 Bush Cliffs,Denver,Colorado,80850,United States,16090,Unemployed,6/8/2021,405
117,Jason,Villanueva,4/28/1992,jasmineanderson@example.net,(827)461-3723x2985,50193 Thompson Falls,Albany,New York,12078,United States,14306,Student,12/31/2016,716
118,Colleen,Reid,10/10/2000,vancekellie@example.net,(812)402-6719x80459,736 Sandra Fork Apt. 228,Austin,Texas,85705,United States,14421,Unemployed,5/17/2021,542
119,Christopher,Ortiz,9/14/1996,tholloway@example.com,522.940.7223x1070,792 Parsons Manors Suite 488,Concord,New Hampshire,3414,United States,14407,Unemployed,9/23/2024,722
120,Carlos,Flores,2/4/1982,davissteven@example.net,453-786-1589x925,6126 Owens Estate Apt. 338,Baton Rouge,Louisiana,70713,United States,67151,Self-Employed,1/13/2023,721
121,David,Hull,2/5/1980,melissa21@example.org,697.302.6775x95224,40796 Michael Flat Suite 320,Lansing,Michigan,49154,United States,19559,Unemployed,6/9/2023,573
122,Emily,Coleman,9/13/2000,iclark@example.net,522-352-8202x2205,867 Richard Divide,Honolulu,Hawaii,96795,United States,79848,Employed,7/5/2021,691
123,James,Hudson,3/23/1968,zburton@example.net,963.510.7435x511,4003 Martin Field Apt. 766,Nashville,Tennessee,38466,United States,71542,Retired,12/22/2016,527
124,Kyle,Costa,3/17/1966,uramos@example.com,439-967-8298x3864,1923 Brooks Extensions Apt. 688,Lincoln,Nebraska,68850,United States,62399,Retired,3/10/2018,658
125,Heather,Marquez,9/15/1992,johnsonlindsey@example.org,931.332.2593x245,924 Lisa Village,Boise,Idaho,83461,United States,11383,Unemployed,11/21/2018,528
126,Craig,Elliott,9/4/1995,henryking@example.net,(584)340-7122x1934,5096 Jeffrey Forest,Baton Rouge,Louisiana,71142,United States,17543,Unemployed,8/20/2024,708
127,Jean,Ward,5/8/1985,ycaldwell@example.net,(898)651-8100x240,1916 Benjamin Glen Suite 529,Columbus,Ohio,45689,United States,97083,Employed,2/12/2021,585
128,Alexis,Shah,4/28/1996,bentonwayne@example.com,+1-520-955-8488x573,276 Joan Summit,Madison,Wisconsin,53711,United States,13461,Student,12/14/2018,709
129,Krista,Mckay,7/14/1995,blackjason@example.org,001-252-260-6326,70390 Owens Avenue,Harrisburg,Pennsylvania,16870,United States,6146,Student,7/31/2017,639
130,Susan,Brown,7/21/1996,johnathan71@example.net,610.367.2837,623 Jeremy Highway Apt. 265,Montgomery,Alabama,36594,United States,73248,Employed,2/22/2021,567
131,Julian,Travis,7/23/1960,frank58@example.net,(689)975-2492x41007,9122 Jose Neck Apt. 667,Denver,Colorado,81190,United States,82701,Self-Employed,5/2/2023,339
132,Denise,Webster,3/26/1969,darrell68@example.net,+1-578-751-2347x0721,6151 Wallace Landing,Salt Lake City,Utah,84677,United States,64429,Retired,7/17/2022,653
133,Richard,Johnson,9/3/1968,nspencer@example.com,+1-306-625-0222x42928,2108 Young Freeway,Salem,Oregon,97851,United States,115915,Self-Employed,8/11/2021,746
134,Robert,Shepherd,8/31/1991,brittanyedwards@example.com,685.419.4804x91695,95037 Stephen Parkways Suite 399,Olympia,Washington,98123,United States,9921,Student,4/25/2024,418
135,Corey,Rogers,1/24/2002,wpeterson@example.net,001-879-858-2925,270 Willis Shoal Suite 709,Austin,Texas,87055,United States,9080,Student,4/12/2021,494
136,Jacqueline,Carter,8/11/1957,flowerskimberly@example.com,001-915-646-0017,0638 Andrea Plaza,Boston,Massachusetts,4630,United States,73498,Retired,1/26/2019,301
137,Jennifer,Sanders,7/13/1996,huntkathryn@example.org,905-231-2524x457,12036 Kimberly Tunnel,Topeka,Kansas,67824,United States,13596,Student,8/10/2023,501
138,Phyllis,Schmitt,7/11/1991,kfrazier@example.net,380.325.9339x10942,2515 Michelle Villages,Charleston,West Virginia,26858,United States,46745,Employed,1/27/2022,638
139,Amanda,Martinez,11/16/1998,morenobrittany@example.org,001-350-489-6919x349,091 Tracy Way,Olympia,Washington,98133,United States,54446,Employed,2/4/2015,607
140,Rachel,Phillips,7/19/1969,robin14@example.org,001-586-620-5003x45879,14992 John Springs Suite 247,Lincoln,Nebraska,69202,United States,78372,Retired,8/27/2019,634
141,Brett,Smith,4/23/1966,antonio99@example.com,9942897712,29231 Smith Freeway,Frankfort,Kentucky,41931,United States,79731,Self-Employed,7/28/2015,430
142,David,Noble,12/7/1960,youngchristina@example.org,8795505638,81209 Taylor Centers,Jefferson City,Missouri,65310,United States,70763,Retired,8/28/2017,478
143,Susan,Owens,10/8/1967,nancyjackson@example.com,(731)326-8467x7614,162 Parker Ferry Apt. 678,Honolulu,Hawaii,96769,United States,89344,Self-Employed,7/9/2019,715
144,Lisa,Hernandez,12/7/2000,cassie55@example.net,(898)622-5925x67925,0356 David Crossroad,Lincoln,Nebraska,69083,United States,40748,Employed,12/21/2020,611
145,Jeffrey,Burgess,4/6/1957,nguyenmichelle@example.net,(359)439-2948,74434 Alvarez Rapid,Trenton,New Jersey,7661,United States,64988,Retired,5/11/2021,629
146,Tonya,Neal,3/8/1967,ostone@example.net,001-474-725-4673,24187 Louis Mills,Indianapolis,Indiana,47544,United States,67681,Retired,4/21/2017,518
147,Kirk,Coleman,1/26/1999,stephanieshaw@example.com,217.737.2986x48984,20846 George Plain,Jackson,Mississippi,38768,United States,13137,Unemployed,2/13/2017,386
148,Joshua,Miller,9/6/1993,zewing@example.org,295.760.2193,6099 Chris Villages,Augusta,Maine,4634,United States,14193,Student,12/23/2017,643
149,Courtney,Macias,3/12/1986,garciamary@example.com,449-805-0840,13377 Snyder Squares Suite 381,Bismarck,North Dakota,58735,United States,18599,Unemployed,12/1/2018,617
150,Kelly,Arnold,10/18/1988,robertedwards@example.org,4489257035,060 Ashley Green Suite 229,Juneau,Alaska,99823,United States,17624,Unemployed,9/3/2020,450
151,Henry,Johnson,8/22/1997,hicksjasmine@example.org,(429)382-6941,16936 Franklin Glen Apt. 854,Concord,New Hampshire,3772,United States,11945,Unemployed,1/21/2017,786
152,Becky,Davis,3/30/1986,yballard@example.net,(707)733-1513x54057,67661 Maria View Apt. 145,Frankfort,Kentucky,40585,United States,64985,Employed,6/30/2015,766
153,Jason,Fitzpatrick,12/3/1998,lcruz@example.net,-3771,799 Cooper Lodge Suite 773,Baton Rouge,Louisiana,71201,United States,10288,Student,4/9/2023,499
154,Bobby,Avila,12/18/1951,umclean@example.com,(639)209-4368,609 David Court Apt. 356,Montpelier,Vermont,5747,United States,74676,Retired,8/6/2018,806
155,Lauren,Waller,4/28/1985,garciakelly@example.org,373.489.6793,7415 David Club Apt. 571,Albany,New York,12266,United States,10081,Unemployed,7/5/2022,305
156,Laura,Moore,3/3/1998,matthewparks@example.org,(378)793-0673x4927,68139 Jocelyn Skyway,Boston,Massachusetts,1674,United States,98933,Employed,12/8/2023,735
157,Andrea,Andrews,12/5/1995,burnspaige@example.org,366-429-2586,029 Shelia Port Apt. 433,Bismarck,North Dakota,58842,United States,8674,Student,12/16/2021,775
158,Christopher,Owen,8/3/1997,jacksonryan@example.com,373.774.3717x053,194 White Lock Suite 080,Austin,Texas,80611,United States,15179,Unemployed,10/28/2023,424
159,Andrea,Smith,8/5/1969,johnrobertson@example.net,001-502-226-3635,410 Brenda Shoals,Des Moines,Iowa,50586,United States,68685,Retired,2/16/2015,843
160,Monique,Carney,6/4/2000,oreynolds@example.org,346.519.6732,9078 Harmon Streets Suite 149,Olympia,Washington,98508,United States,12783,Student,4/24/2020,624
161,Ryan,Mason,12/17/1955,amybarnes@example.com,678-702-3657x235,04500 Mendez Street Apt. 960,Honolulu,Hawaii,96708,United States,71601,Retired,5/12/2015,816
162,Eric,Mills,12/17/2000,jeffrey76@example.org,880.226.3404x64700,2745 Houston Square,Indianapolis,Indiana,47551,United States,6775,Student,4/15/2017,756
163,Eric,Allen,2/22/1961,omorales@example.net,001-710-613-1847x201,9982 Mills Crest Apt. 359,Salem,Oregon,97442,United States,74446,Retired,7/31/2018,760
164,David,Boyd,10/30/1980,jasonnelson@example.com,-7372,410 Angela Shores Suite 733,Salem,Oregon,97782,United States,18541,Unemployed,9/8/2017,583
165,John,Stephens,7/14/1990,murphytodd@example.com,+1-942-708-9190x6740,24698 Arias Plains Apt. 708,Carson City,Nevada,89207,United States,11066,Student,6/29/2021,796
166,Sarah,Pollard,5/3/1962,gfinley@example.com,9683126605,735 Jesse Road Apt. 977,Frankfort,Kentucky,41327,United States,111893,Self-Employed,2/22/2023,750
167,Jennifer,Smith,4/21/1967,leonarddavid@example.com,5914385251,2044 Lopez View Apt. 538,Tallahassee,Florida,32487,United States,52536,Self-Employed,12/29/2022,540
168,Daniel,Wright,2/25/1976,grantbetty@example.org,(851)358-1725,60297 Bryan Court,Pierre,South Dakota,57178,United States,90526,Self-Employed,6/30/2016,382
169,Valerie,Khan,3/4/1983,fsmith@example.com,-4429,703 Carlos Plaza,Carson City,Nevada,89236,United States,12254,Unemployed,5/29/2021,692
170,David,Ayala,8/11/1989,bmoore@example.net,927.430.6546,507 Rhonda Hill Suite 950,Boise,Idaho,83262,United States,13679,Unemployed,7/7/2024,365
171,Vickie,Stevens,7/28/1984,stephanie95@example.org,001-498-620-3065x347,56156 Bennett Mill Suite 089,Augusta,Maine,4726,United States,58006,Self-Employed,3/9/2017,777
172,James,Alexander,9/9/1985,santoshayley@example.com,+1-757-623-8137x5698,9388 John Burgs Suite 784,Madison,Wisconsin,54235,United States,12079,Unemployed,7/17/2017,730
173,William,Love,11/1/1990,shawdeborah@example.com,001-960-843-4159x49543,7489 Rhodes Keys Suite 393,Charleston,West Virginia,25532,United States,6231,Student,1/8/2019,320
174,Michael,Fernandez,10/23/1999,smithkirk@example.org,001-530-819-8230,33047 Luna Camp,Denver,Colorado,80134,United States,5702,Student,7/6/2019,689
175,Jacqueline,Anderson,11/12/1984,hansenkristen@example.org,358.679.1290,087 Washington Road,Honolulu,Hawaii,96808,United States,116769,Self-Employed,7/8/2024,605
176,Taylor,Richardson,12/26/1951,garciamary@example.net,(249)306-1890x3796,471 Strickland Road,Honolulu,Hawaii,96737,United States,67654,Retired,5/9/2019,525
177,Patrick,Young,1/6/1983,ugray@example.net,+1-921-618-5858x5816,043 Sharp Mount,Raleigh,North Carolina,27419,United States,95727,Self-Employed,10/29/2021,746
178,Micheal,Carter,12/6/1964,jeffrey68@example.org,001-682-283-2995,33598 Kelly Bypass,Helena,Montana,59594,United States,61693,Retired,5/1/2018,644
179,Dana,Ray,10/26/1967,arivera@example.net,+1-655-339-7641x897,591 Joseph Road Suite 668,Montpelier,Vermont,5600,United States,70111,Retired,10/6/2018,469
180,Matthew,Johnson,10/8/1996,townsendjill@example.org,+1-402-548-2684x461,545 Tucker Port,Hartford,Connecticut,6176,United States,10083,Unemployed,2/28/2019,846
181,Jesse,Gonzalez,11/29/1961,laura93@example.net,+1-704-671-8438x9198,918 Rivera Overpass,Des Moines,Iowa,51264,United States,64228,Retired,1/11/2015,327
182,Edward,Lynch,5/19/1967,medinashaun@example.com,550-465-2972x8849,811 Charles Extensions Suite 395,Indianapolis,Indiana,46972,United States,63698,Retired,12/10/2020,438
183,Erin,Baker,9/25/1995,patrickweber@example.org,421-987-9298x5297,733 Karen Spurs Apt. 897,Santa Fe,New Mexico,88389,United States,15936,Unemployed,3/12/2020,351
184,Scott,Garcia,9/18/1963,qfields@example.org,(467)679-8777x59056,566 Brown Knolls,Indianapolis,Indiana,47744,United States,87258,Self-Employed,2/9/2020,516
185,Gabriel,Rivera,8/18/1961,mark95@example.net,284-268-0173,82291 Powell Vista,Albany,New York,8299,United States,81946,Self-Employed,10/4/2016,688
186,Michael,Brown,2/16/1965,hernandezheather@example.net,(751)239-8138x587,6012 Kevin Cove,Helena,Montana,59169,United States,68169,Retired,2/8/2024,558
187,Jonathan,Rogers,10/22/1966,rodriguezkristin@example.net,722.914.6831x182,574 Boyle Fort Apt. 281,Phoenix,Arizona,85132,United States,65906,Retired,11/29/2014,319
188,Danielle,Jones,7/20/2000,rojasjeremy@example.org,923.725.0219x80551,49925 Johnson Rue,Tallahassee,Florida,32128,United States,96247,Employed,5/23/2016,658
189,Joyce,Miller,9/1/1997,amandaboyer@example.org,751-581-2329x3859,6238 Peter Street Apt. 118,Frankfort,Kentucky,40590,United States,61287,Employed,2/24/2021,341
190,Matthew,Morales,12/11/1984,qjackson@example.org,+1-399-447-7013x26546,71346 Johnson Well Suite 192,Albany,New York,7468,United States,17790,Unemployed,9/13/2017,504
191,Jay,Greene,5/2/1998,smithkaitlyn@example.net,001-630-919-4652x3194,264 Alvarez Forge,Indianapolis,Indiana,46009,United States,9710,Student,11/25/2017,456
192,Mark,Smith,8/23/1966,jamiesmith@example.com,322.354.0205x555,3336 Hancock Mount Suite 681,Richmond,Virginia,23163,United States,71800,Retired,4/6/2019,417
193,Lisa,Warren,9/15/1990,daviswilliam@example.org,544-853-7741,20011 Justin Burgs,Baton Rouge,Louisiana,71145,United States,11217,Unemployed,9/3/2019,776
194,Rodney,Mcdonald,7/17/1983,thomassantos@example.org,781.808.9559,81661 Gregory Trafficway,Des Moines,Iowa,51420,United States,53140,Self-Employed,7/26/2019,471
195,Caroline,Mitchell,9/18/1996,kimberly09@example.org,(251)925-6725,2558 Madison Track Suite 229,Columbus,Ohio,43783,United States,79996,Employed,8/22/2017,467
196,Richard,Zimmerman,12/31/1987,jacquelinepham@example.org,001-981-599-6610x448,949 Carter Mission Apt. 315,Atlanta,Georgia,36721,United States,91530,Employed,4/11/2019,326
197,Jennifer,Miller,5/16/1997,ljordan@example.com,8032342165,119 Brown Locks,Lansing,Michigan,48070,United States,7758,Student,11/4/2016,684
198,Craig,Mahoney,8/10/1993,james45@example.com,-9852,78018 Frederick Pike,Lincoln,Nebraska,68531,United States,18811,Unemployed,3/22/2018,377
199,Jessica,Gray,12/21/1999,castilloadrian@example.org,(731)576-7212x21881,0391 Jane Vista Apt. 704,Nashville,Tennessee,37818,United States,12379,Unemployed,5/19/2017,404
200,Kevin,Martin,7/19/1976,curtisshane@example.org,(261)560-7844x4043,68011 Johnson Plaza,Lincoln,Nebraska,68074,United States,118572,Self-Employed,9/8/2021,423
201,Christian,Cole,7/26/1999,caseyromero@example.org,748.563.0830,26719 Courtney Wall Suite 862,Columbia,South Carolina,29234,United States,11439,Student,5/18/2024,342
202,Maria,Russell,12/6/1962,walshnicole@example.org,+1-783-978-9119x920,09033 Erica Cape,Carson City,Nevada,89867,United States,65129,Retired,4/8/2016,679
203,William,Bishop,3/28/1979,jeffreyclark@example.org,(254)369-9675x98313,3832 Jimenez Roads,Columbus,Ohio,44401,United States,55263,Self-Employed,8/30/2017,312
204,Douglas,Daniel,2/14/1967,cwilliams@example.net,223-465-1782x9428,0424 Christopher Oval Suite 847,Augusta,Maine,4703,United States,79053,Retired,6/13/2020,408
205,Brenda,Lewis,5/9/1971,tjohnson@example.org,+1-971-773-0272x0897,08020 Benjamin Hollow,Honolulu,Hawaii,96782,United States,80282,Self-Employed,4/21/2018,770
206,Emily,Mendez,12/31/1955,lfisher@example.org,661.735.7222x318,707 Andrea Radial Suite 535,Hartford,Connecticut,6146,United States,71577,Retired,10/19/2024,480
207,Linda,Williams,9/30/1985,jason65@example.com,001-368-990-9247,7176 Ramirez Crossing Suite 446,Boise,Idaho,83230,United States,94359,Self-Employed,5/13/2023,795
208,Daniel,Lopez,6/21/1997,george36@example.net,4308046742,17448 Norton View Apt. 043,Dover,Delaware,19779,United States,7537,Student,4/3/2023,574
209,Austin,Morales,8/19/1996,kiara34@example.net,+1-579-270-0075x0844,5526 Tracy Road,Sacramento,California,90978,United States,18116,Unemployed,1/13/2017,388
210,William,Tapia,8/8/1966,longpatrick@example.net,001-935-562-9756,660 Freeman Mountains,Helena,Montana,59259,United States,65726,Retired,12/10/2016,549
211,Jean,Mcdonald,2/25/2004,madams@example.net,8104153432,31360 Diaz Crossroad Apt. 397,Oklahoma City,Oklahoma,73558,United States,7359,Student,4/27/2017,688
212,Juan,Weaver,2/20/1966,nboyer@example.org,(562)742-2252x256,5972 Thompson Landing,Topeka,Kansas,66951,United States,78715,Retired,9/24/2023,632
213,Mark,Mcdonald,7/26/1987,kevinsummers@example.net,316-998-5281x327,0749 Clinton Hills Suite 076,Richmond,Virginia,23478,United States,15720,Unemployed,2/9/2022,663
214,Rebecca,Hopkins,3/18/1977,matthewward@example.net,+1-458-860-7593x267,792 Ayers Crossing,Bismarck,North Dakota,58574,United States,88915,Self-Employed,5/9/2018,586
215,Samuel,Bell,8/4/1970,virginia30@example.net,001-258-433-0735,4145 Rangel Highway,Columbus,Ohio,43134,United States,56656,Self-Employed,11/12/2017,310
216,Craig,Williams,2/18/1981,bradleyariel@example.com,973-409-2431x1272,78622 Brian Passage,Oklahoma City,Oklahoma,73422,United States,16239,Unemployed,5/13/2019,387
217,Heather,Reed,4/12/1968,courtneyhanson@example.com,581-394-2256x5342,27778 Jones Field,Columbia,South Carolina,29937,United States,62464,Retired,8/5/2021,800
218,Teresa,Fuller,1/29/1990,leahschneider@example.com,882-582-5058x9210,9972 Tammy Valley Suite 220,Baton Rouge,Louisiana,70927,United States,17178,Unemployed,9/27/2017,787
219,George,Campbell,6/17/1968,todd75@example.org,395.620.6674x1540,90003 Hogan Fields Suite 096,Indianapolis,Indiana,46877,United States,79847,Retired,12/26/2023,758
220,James,Myers,2/8/1994,alison86@example.org,767.764.5151x7573,53340 Sharon Burgs Suite 431,Richmond,Virginia,24158,United States,71296,Employed,11/20/2023,601
221,Ashley,Rogers,3/19/1988,andreahaynes@example.com,782-532-5918x290,00974 David Mission Suite 366,Jackson,Mississippi,38774,United States,13912,Unemployed,11/15/2015,613
222,Wanda,Cunningham,1/10/1978,weaton@example.net,001-479-292-8180x63980,798 Taylor Views,Concord,New Hampshire,3085,United States,68196,Self-Employed,5/19/2021,784
223,Ryan,Rowe,2/7/1978,curtisshelby@example.com,+1-674-695-0168x381,21477 Wolf Valleys,Montpelier,Vermont,5439,United States,66088,Self-Employed,11/7/2018,735
224,Andrea,Wilson,4/9/1998,williamseric@example.com,(574)313-7539x4268,981 Miller Ports Suite 010,Sacramento,California,90099,United States,7236,Student,12/5/2021,638
225,Russell,Nelson,12/15/1969,walterflores@example.com,229-805-4563x0901,613 Kaylee Stream Apt. 229,Santa Fe,New Mexico,88006,United States,72141,Retired,1/3/2016,577
226,Destiny,Johnson,9/12/1983,ybrown@example.net,8478062597,9367 Tonya Ridge,Phoenix,Arizona,85646,United States,17096,Unemployed,2/28/2016,423
227,Andrea,Haynes,9/27/1960,gjones@example.org,342.718.8806x375,45591 David Route,Honolulu,Hawaii,96821,United States,64578,Self-Employed,1/15/2018,422
228,Charles,Goodman,6/9/1983,chad30@example.com,+1-361-473-4328x609,07459 Weaver Loaf Apt. 656,Montpelier,Vermont,5398,United States,10421,Unemployed,12/31/2017,496
229,Stacey,Mckenzie,1/28/1970,changangela@example.net,001-307-777-3870x11973,1811 Potts Mountain Apt. 655,Columbus,Ohio,45368,United States,64989,Retired,5/3/2022,583
230,Timothy,Wiggins,6/16/1993,alexisstuart@example.net,558-573-0189,859 Laura Station,Topeka,Kansas,66390,United States,12615,Student,9/24/2024,589
231,Kelsey,Harris,3/3/1982,carlapadilla@example.com,863-585-8205,34091 Kenneth Trail Apt. 415,Annapolis,Maryland,21097,United States,17104,Unemployed,4/3/2023,603
232,Chase,Rhodes,7/31/2000,anthonymeyer@example.org,001-321-521-6059,061 Roberto Parkways,Madison,Wisconsin,53347,United States,11999,Unemployed,3/18/2022,609
233,Julia,Wilkinson,10/9/1998,omoran@example.net,001-823-871-0859,0944 Matthews Mills,Honolulu,Hawaii,96895,United States,5985,Student,4/14/2017,429
234,Brandon,Lane,2/6/1994,jimenezjacqueline@example.com,(427)296-0583x237,1482 Alexis Meadow,Boise,Idaho,83681,United States,73483,Employed,2/29/2016,599
235,Christian,Gonzalez,4/18/1991,cathysmith@example.com,001-272-430-2863,62534 David Street,Columbia,South Carolina,29006,United States,14176,Unemployed,11/5/2019,802
236,Tiffany,Smith,9/16/1992,vprice@example.net,840-594-7710x593,565 Kristy Curve Apt. 504,Olympia,Washington,99097,United States,83770,Employed,8/26/2018,591
237,Melissa,Mason,7/4/1970,dustindecker@example.com,-5063,57812 Angel Drives Apt. 724,Baton Rouge,Louisiana,71029,United States,63932,Retired,9/16/2022,648
238,Ryan,Everett,12/7/2000,cathylopez@example.org,945.923.7160,74720 Thomas Knoll Apt. 536,Montpelier,Vermont,5645,United States,55048,Employed,10/13/2016,558
239,Tiffany,Daniel,9/24/1954,burnsphillip@example.com,001-275-236-8811x207,5657 Marshall Trace,Atlanta,Georgia,36585,United States,64893,Retired,3/5/2024,416
240,Nicole,Hicks,9/12/1963,michaelbanks@example.org,-9515,680 Shawn Port Apt. 647,Concord,New Hampshire,3690,United States,71122,Retired,10/9/2024,803
241,Michael,Wheeler,12/17/1997,jasmine84@example.org,+1-526-610-2235x390,0026 Lindsay Port,Denver,Colorado,80074,United States,58313,Employed,7/13/2024,455
242,Jessica,Aguilar,10/8/1997,taylorjamie@example.com,(941)775-6549,7745 Thomas Extension,Des Moines,Iowa,51402,United States,5676,Student,3/12/2021,611
243,Jeffrey,White,7/10/1986,tdaniel@example.net,284.960.7422,862 Johnston Orchard Apt. 982,Providence,Rhode Island,2868,United States,14718,Unemployed,10/2/2021,421
244,Stephen,Manning,1/26/1955,lauramcbride@example.com,825-314-1159,4675 Villa Brooks Apt. 424,Charleston,West Virginia,26771,United States,78091,Retired,7/17/2024,531
245,Kyle,White,8/8/1952,eblackburn@example.net,(789)456-9405x739,81752 David Causeway Apt. 211,Columbus,Ohio,44374,United States,62128,Retired,1/29/2023,761
246,Keith,Gill,5/14/1972,vargasdenise@example.com,001-235-705-8764x275,78753 Laura Mountains,Olympia,Washington,98153,United States,104363,Self-Employed,2/4/2024,739
247,Jennifer,Ford,10/28/2001,michael30@example.com,211-224-3673x31415,249 Jill Fort,Honolulu,Hawaii,96888,United States,9528,Student,7/29/2020,361
248,Richard,Potter,4/22/1982,pgarcia@example.com,982-475-6171,48356 Tyler Forest,Olympia,Washington,98561,United States,64179,Employed,9/24/2016,512
249,Lisa,Torres,4/6/1977,karenpayne@example.com,633.206.8150x45491,518 Harris Mews Apt. 452,Montpelier,Vermont,5332,United States,64240,Self-Employed,9/20/2019,383
250,Arthur,Collins,2/19/1981,kingsteven@example.org,238-264-0940x02793,410 Jasmin Radial Suite 910,Santa Fe,New Mexico,87651,United States,19035,Unemployed,3/18/2015,376
251,Emily,Phillips,11/21/1953,shieldskathy@example.net,(791)275-5705,1540 Torres Mount,Montpelier,Vermont,5538,United States,62620,Retired,8/10/2016,761
252,Jennifer,Little,4/12/1952,dylan35@example.org,656.647.8801,17833 Ferguson Highway,Providence,Rhode Island,2933,United States,62051,Retired,6/25/2020,598
253,Mark,Gomez,2/11/1969,wilkinsonroger@example.net,001-659-915-3704x98792,1517 David Junctions,Charleston,West Virginia,24826,United States,104647,Self-Employed,3/9/2024,589
254,Julie,Cobb,2/19/1969,jacobsandrew@example.net,723.861.9588,114 Ashley Summit,Indianapolis,Indiana,46656,United States,62805,Retired,12/25/2014,372
255,Emily,Roy,7/5/1974,thomas19@example.com,(776)596-0361x9381,6382 Carroll Lakes Apt. 840,Hartford,Connecticut,6301,United States,103074,Self-Employed,8/31/2016,502
256,Wendy,Osborne,7/18/1997,nicole50@example.org,001-958-673-2467,3445 Howard Cliff,Charleston,West Virginia,24705,United States,8331,Student,5/9/2019,530
257,Beth,Roberts,5/16/1962,dellis@example.net,001-372-689-8032x97801,3182 Welch Ports Apt. 147,Santa Fe,New Mexico,87328,United States,75932,Self-Employed,11/2/2015,445
258,Jonathan,Clayton,9/1/1990,millershannon@example.org,+1-607-425-4556x04698,4279 Cameron Bridge Suite 347,Columbus,Ohio,43824,United States,13429,Unemployed,7/5/2023,614
259,Jim,Burns,12/27/1993,rojaswhitney@example.com,001-457-668-0562,99948 Sweeney Estates Apt. 033,Trenton,New Jersey,7570,United States,8026,Student,1/9/2017,595
260,Joseph,Oliver,7/17/1970,elliottjessica@example.net,-10814,3887 Alan Points,Concord,New Hampshire,3206,United States,70039,Retired,3/5/2020,611
261,Sheila,Boyle,11/8/1983,hensleyjudy@example.net,650.236.8606x794,28343 Bridges Square Apt. 654,Santa Fe,New Mexico,88194,United States,103014,Self-Employed,7/12/2021,812
262,Jillian,Whitehead,10/28/1967,carlsonkenneth@example.net,483.999.5169,976 Marks Stravenue Suite 438,Carson City,Nevada,89076,United States,66002,Retired,7/30/2016,382
263,Travis,Beard,10/3/1966,brownryan@example.net,001-697-501-5240x479,1766 Maria Mountain Suite 726,Springfield,Illinois,61164,United States,61635,Retired,7/17/2018,630
264,Carrie,Collins,12/23/1981,lorireeves@example.org,001-664-854-1868x4840,90640 Butler Fields Suite 414,Denver,Colorado,81406,United States,41599,Employed,2/15/2024,393
265,Gregg,Adams,6/17/1990,tyler45@example.net,844-906-9152x805,0717 Fisher Shores Suite 422,Montgomery,Alabama,35155,United States,7835,Student,12/19/2022,321
266,Michael,Smith,6/2/1960,catherinepowell@example.org,443.306.2877x612,0880 Hutchinson Mills Apt. 113,Olympia,Washington,99112,United States,80127,Self-Employed,2/17/2017,341
267,Lisa,Lane,6/12/1997,uschroeder@example.net,001-277-403-9598,060 Hurley Haven Suite 910,Raleigh,North Carolina,27661,United States,10576,Unemployed,8/2/2024,781
268,Hunter,Rich,11/20/1965,cmeyer@example.com,-9318,4767 Holland Spurs Suite 650,Austin,Texas,78904,United States,72395,Retired,5/6/2023,584
269,Michael,Lin,1/16/1996,llopez@example.net,+1-419-614-2964x42402,031 Schwartz Ridge,Montpelier,Vermont,5548,United States,13140,Student,4/2/2020,746
270,Christopher,Anderson,6/17/1965,hwilson@example.com,+1-553-572-4176x17366,25446 Ralph Throughway,Jefferson City,Missouri,65586,United States,68741,Retired,10/27/2018,393
271,Jeffery,Lee,11/22/1961,suttonsean@example.com,-7863,1661 Jose Roads,Albany,New York,4533,United States,65235,Retired,12/7/2021,641
272,Danny,Stevens,7/11/1993,smithbobby@example.net,9964349337,684 Isaac Prairie Apt. 271,Raleigh,North Carolina,28720,United States,62700,Employed,1/21/2016,464
273,David,Myers,9/3/1966,robin27@example.org,2418858072,465 Dixon Rapid,Pierre,South Dakota,57403,United States,70953,Retired,12/9/2019,595
274,Kimberly,Torres,5/24/1962,gloria62@example.com,2717528295,9502 David Lane,Salt Lake City,Utah,84010,United States,63748,Retired,3/18/2023,337
275,Matthew,Whitehead,6/20/1978,mackenziejones@example.com,-4688,40442 Nichols Radial Suite 317,Topeka,Kansas,66349,United States,78207,Self-Employed,10/30/2018,558
276,Catherine,Smith,11/2/1960,jennifer46@example.org,398.294.3681x33514,26072 Reese Square Suite 896,Hartford,Connecticut,6389,United States,69425,Retired,9/7/2017,826
277,Amy,Parker,3/15/1989,andersonmary@example.com,001-901-856-5843,137 Alan Plains Suite 673,Montgomery,Alabama,35251,United States,45636,Employed,3/18/2022,773
278,Nicholas,Miller,4/22/1994,evalencia@example.com,(607)887-8974x2450,5326 Brennan Grove,Indianapolis,Indiana,47116,United States,19654,Unemployed,5/8/2024,830
279,Marissa,Hartman,5/24/1965,natalie53@example.com,3486832202,544 Jennifer Spur Apt. 916,Indianapolis,Indiana,47609,United States,66376,Retired,11/12/2017,752
280,Alex,Nolan,8/5/1982,blackstephanie@example.net,001-467-947-5422,110 Jean Ports Suite 133,Cheyenne,Wyoming,82993,United States,18438,Unemployed,2/27/2016,573
281,Madison,Phillips,3/1/1990,morgan46@example.net,945-467-5168,661 Andrea Mountain,Bismarck,North Dakota,58134,United States,104144,Self-Employed,1/16/2017,748
282,Matthew,Valencia,7/18/1967,peterstravis@example.net,400.530.1369,952 Wright Extension,Atlanta,Georgia,30671,United States,75341,Retired,10/19/2018,424
283,Robert,Spencer,4/5/1991,timothy55@example.com,(271)865-9319x35502,3551 Phillip Drive Suite 115,Albany,New York,3244,United States,10059,Student,2/15/2021,545
284,Allison,Cohen,7/31/1974,timothygarcia@example.org,-2947,22729 Haley Pine,Lincoln,Nebraska,68113,United States,81793,Self-Employed,12/3/2020,314
285,Robin,Walsh,1/20/1992,mccormickscott@example.net,(882)253-2759x727,82152 Hutchinson Village,Bismarck,North Dakota,58627,United States,95299,Employed,1/10/2020,530
286,Christopher,Harris,8/10/1992,michael03@example.net,994-235-0244,034 David Brook Suite 861,Columbus,Ohio,45178,United States,71710,Employed,7/7/2020,772
287,Benjamin,Wilson,6/24/1989,ecruz@example.org,(986)550-8429x4116,17968 Hicks Loaf,Hartford,Connecticut,6066,United States,12766,Unemployed,5/18/2020,810
288,Meagan,Austin,2/20/1968,donna94@example.net,(581)490-0224,755 Marc Green Apt. 342,Charleston,West Virginia,24827,United States,87218,Self-Employed,11/16/2020,821
289,Christy,Rodriguez,8/23/1962,joseph55@example.com,3724043705,10810 Hill Mountains Apt. 276,Frankfort,Kentucky,42671,United States,61197,Retired,12/6/2019,794
290,Sara,Edwards,9/3/1992,lawsontravis@example.net,372.999.6750,47412 Herrera Street Suite 971,Columbus,Ohio,43847,United States,13468,Unemployed,10/26/2016,767
291,Benjamin,Harris,1/6/1951,michael80@example.org,(250)844-6397x283,84192 Davidson Spring,Concord,New Hampshire,3359,United States,75418,Retired,6/24/2015,495
292,Autumn,Gregory,1/29/1994,lisarichards@example.org,(469)763-3316x50004,141 William Mission Suite 161,Cheyenne,Wyoming,82260,United States,7520,Student,12/3/2022,439
293,Sabrina,Garcia,4/10/1980,wolfmark@example.com,273-895-7215x0988,9838 Ashley Forks,Charleston,West Virginia,26694,United States,54671,Self-Employed,11/21/2014,724
294,Susan,Greer,8/18/1992,jasminnunez@example.org,+1-733-877-1666x1555,3986 Brown Fields,Indianapolis,Indiana,46123,United States,14547,Student,3/20/2021,573
295,Christopher,Thompson,1/21/1973,sraymond@example.net,432-440-2301x5933,773 Daniel Circle,Denver,Colorado,81568,United States,55448,Self-Employed,11/21/2019,605
296,Michael,Burke,6/26/1997,stephen52@example.com,953.222.7219x9851,99398 Jill Route Apt. 332,Olympia,Washington,98433,United States,6508,Student,2/20/2024,801
297,Mary,Jones,9/19/1956,shelly89@example.org,584.639.0848,75704 Amber Knoll,Albany,New York,13346,United States,77663,Retired,10/6/2024,795
298,Debra,Davis,9/27/1998,alexander12@example.org,531.692.7667x9547,29130 Gray Port,Columbus,Ohio,45390,United States,11359,Student,1/17/2019,686
299,Matthew,Chan,6/22/1981,phunter@example.com,208-294-0841x105,371 Carrie Island,Salt Lake City,Utah,84670,United States,89453,Self-Employed,5/16/2019,493
300,Lisa,Hayes,3/14/1989,alanshah@example.org,945-419-5854x497,50460 Whitehead Mountain,Richmond,Virginia,22506,United States,11082,Unemployed,6/14/2018,692
301,Brooke,Smith,4/9/1955,pestrada@example.org,(767)204-6854,58057 Joseph Prairie Suite 873,Phoenix,Arizona,86174,United States,63348,Retired,1/20/2021,344
302,Christopher,Johnston,9/15/1962,porterrobert@example.org,(962)721-2804x32402,1932 Steven Forge,Helena,Montana,59600,United States,78263,Retired,10/27/2020,690
303,Gregory,Robbins,6/10/1990,bbradford@example.org,+1-972-538-7312x915,8622 Shannon Keys Suite 187,Juneau,Alaska,99561,United States,17689,Unemployed,5/2/2016,807
304,Sherri,Graves,12/22/1991,nathaniel78@example.org,814.547.2703,14530 Tucker Ville Apt. 756,Columbus,Ohio,43049,United States,10744,Unemployed,8/13/2023,814
305,Lisa,Graham,3/7/1975,colewilliam@example.net,(968)263-7846,82600 Diane Ville Suite 829,Jackson,Mississippi,38868,United States,63233,Self-Employed,9/5/2019,402
306,Andrew,Sanchez,4/11/1968,jamesthomas@example.com,4444440547,0163 Henderson Rapid,Frankfort,Kentucky,42172,United States,64190,Retired,3/5/2015,402
307,Lori,Alvarez,3/30/1964,jerry81@example.org,+1-766-665-7606x6905,27247 Downs Island,Jackson,Mississippi,38909,United States,74985,Retired,2/21/2024,315
308,Amber,Delgado,1/7/1953,porterrichard@example.org,6739230990,29591 Patrick Island Apt. 085,Tallahassee,Florida,33006,United States,66181,Retired,9/22/2015,458
309,Richard,Cantu,5/10/1976,frederickburgess@example.net,328.499.8197x5606,578 Murray Corners,Denver,Colorado,81531,United States,117370,Self-Employed,11/19/2016,646
310,Tiffany,Floyd,8/17/1966,adriennejones@example.com,(691)612-0604x3062,1701 Tracey Freeway Apt. 841,Tallahassee,Florida,32231,United States,73420,Retired,11/27/2017,382
311,Haley,Anderson,6/29/1990,gcruz@example.org,(647)611-1339,2692 Duncan Isle,Springfield,Illinois,61726,United States,8910,Student,1/19/2015,689
312,David,Heath,7/6/1953,duranchristopher@example.com,(463)306-4483,8639 Shelia Mill,Harrisburg,Pennsylvania,18779,United States,61274,Retired,10/28/2022,336
313,Blake,Herrera,8/19/2000,sylviapollard@example.net,449.931.9998,0838 Ruiz Plains,Bismarck,North Dakota,58536,United States,16935,Unemployed,11/24/2023,594
314,Erin,Ho,6/22/1980,hperez@example.com,(316)460-5101,2106 Barker Squares,Little Rock,Arkansas,72049,United States,92160,Employed,9/15/2023,744
315,Luis,Lane,9/21/1992,srichardson@example.net,533-964-7749,5155 Andrew Rapid Suite 475,Juneau,Alaska,99655,United States,58998,Employed,9/12/2019,754
316,Angela,Gonzalez,10/21/1968,seanlong@example.org,001-458-362-1969,13240 Johnston Club Suite 866,Little Rock,Arkansas,72531,United States,92592,Self-Employed,5/22/2023,329
317,Tony,Sellers,4/10/1983,karen82@example.org,614-809-8365,721 Lopez View,Cheyenne,Wyoming,82022,United States,59131,Employed,2/8/2018,600
318,Deborah,Estrada,7/28/1959,cindyhanna@example.net,415-348-7087,411 Kathryn Harbor,Jefferson City,Missouri,65808,United States,67942,Retired,8/28/2017,449
319,Ryan,White,11/30/1962,munozedward@example.com,+1-771-252-6088x526,200 Bethany Landing,Columbia,South Carolina,29840,United States,79168,Retired,12/14/2014,484
320,Steven,Green,8/9/1992,christopherreed@example.com,-6724,31185 Schneider Ramp Apt. 114,Boston,Massachusetts,1593,United States,96590,Employed,2/23/2017,691
321,Johnny,Pratt,3/1/1983,jameswyatt@example.com,(380)245-7261,4822 Williams Junction Apt. 588,Salt Lake City,Utah,84055,United States,12052,Unemployed,9/21/2017,809
322,Eric,Foster,11/7/1996,tiffany96@example.com,+1-599-838-8526x252,4574 Michael Stream,Columbus,Ohio,45414,United States,17714,Unemployed,11/29/2021,537
323,Sarah,Foster,4/4/1973,ufriedman@example.net,895.431.5457,844 Tyler Ports Apt. 302,Lincoln,Nebraska,68880,United States,51650,Self-Employed,3/30/2021,770
324,Heather,Curtis,1/3/1984,don35@example.com,(230)377-0362,591 Larson Lake,Bismarck,North Dakota,58564,United States,40684,Employed,11/8/2016,776
325,Patrick,Meyer,5/1/1993,francojill@example.org,4009492578,4217 Andrews Corners Suite 963,Augusta,Maine,4032,United States,6872,Student,11/19/2018,461
326,Shaun,Mitchell,12/31/1989,mooreloretta@example.org,001-970-826-4887x304,80397 Hawkins Gardens Apt. 615,Saint Paul,Minnesota,55165,United States,102857,Self-Employed,4/27/2022,606
327,Kenneth,Beasley,7/4/1957,matthew42@example.org,301-870-2884,45197 Simpson Crescent Suite 366,Juneau,Alaska,99695,United States,70604,Retired,3/1/2023,556
328,Brittany,Thomas,11/6/1963,cabreraann@example.net,395.628.3286x59607,2002 Jordan Hill Suite 743,Hartford,Connecticut,6161,United States,85939,Self-Employed,3/9/2024,503
329,Dan,Fleming,8/31/1954,jason82@example.com,431.399.0699,583 Joseph Fields Apt. 999,Helena,Montana,59526,United States,74979,Retired,4/30/2020,409
330,Thomas,Hale,6/13/1994,johnlane@example.org,3109099158,98756 Olson Lake,Little Rock,Arkansas,72476,United States,9199,Student,9/5/2019,667
331,Tracy,Conrad,10/10/1972,sheri33@example.com,263-661-6997,925 Jimmy Place,Cheyenne,Wyoming,82615,United States,59925,Self-Employed,9/30/2023,322
332,Megan,Martinez,12/22/1970,pgreen@example.net,(864)503-1485x8124,762 Clark Cove Apt. 710,Salem,Oregon,97415,United States,67606,Retired,3/26/2019,581
333,Megan,Montgomery,1/2/1984,rachel91@example.org,(217)493-1995,11698 Justin Neck Suite 291,Boise,Idaho,83426,United States,46764,Employed,8/4/2017,808
334,Felicia,Smith,2/25/1978,wilsonterry@example.org,(522)525-1027,5613 Edwards Mews Apt. 527,Little Rock,Arkansas,72367,United States,63194,Self-Employed,6/18/2019,535
335,Julie,Gonzalez,2/1/1986,veronicagraham@example.net,(938)959-3485x948,559 Angel Center,Boise,Idaho,83419,United States,80419,Self-Employed,3/18/2019,524
336,Joseph,Martinez,11/22/1998,michellekelley@example.com,675.302.4156,7815 Zachary Meadows Suite 443,Nashville,Tennessee,37463,United States,6970,Student,5/13/2016,556
337,Michael,Moore,1/9/1989,piercemary@example.com,8739811788,4186 Justin Lights,Indianapolis,Indiana,47072,United States,19312,Unemployed,10/5/2020,399
338,Michael,Hanna,11/18/2000,obaker@example.com,723.479.3689,30088 Derrick Station Suite 579,Providence,Rhode Island,2815,United States,69007,Employed,12/9/2020,616
339,Rebekah,Sellers,1/11/1988,todd76@example.org,680-708-8263x050,3635 Anne Valley,Springfield,Illinois,60512,United States,46937,Employed,7/22/2023,673
340,Benjamin,Jones,3/27/1980,davidtaylor@example.net,+1-945-531-9902x24389,0408 Emily Road Suite 907,Salt Lake City,Utah,84222,United States,71130,Employed,5/24/2015,602
341,Rebecca,Lynn,3/28/1968,anthonymoore@example.org,535.930.7267,90185 Sean Ranch,Indianapolis,Indiana,46856,United States,60387,Retired,5/22/2023,479
342,Alfred,Beck,7/21/2004,ewingamy@example.com,001-700-886-2702,40257 Anthony Junction,Providence,Rhode Island,2863,United States,14377,Student,7/25/2015,674
343,Tammy,Mason,8/12/1983,kirbypaul@example.net,-3795,23468 Steven Spring Suite 678,Honolulu,Hawaii,96822,United States,100116,Self-Employed,8/17/2022,468
344,Jenny,Fields,3/17/1961,barrjamie@example.org,001-745-674-1201x251,851 Taylor Plain Apt. 419,Tallahassee,Florida,34153,United States,79288,Retired,11/24/2019,602
345,Tyler,Young,11/14/1969,samantha10@example.net,456-596-7464x6102,140 Stephanie Crescent,Jefferson City,Missouri,63659,United States,56249,Self-Employed,5/20/2020,417
346,Robert,Brooks,4/9/1998,evan77@example.org,468-521-1166,0181 Johnson Throughway Apt. 409,Phoenix,Arizona,85407,United States,61345,Employed,11/3/2022,444
347,Anthony,Gentry,1/23/1992,eatonjulie@example.org,001-935-678-7011x9813,25642 Forbes Lock Apt. 895,Richmond,Virginia,22626,United States,17071,Unemployed,3/6/2020,706
348,Kathryn,Hansen,10/18/1998,evanlopez@example.net,(555)401-2944x2675,3180 Dean Views Suite 040,Pierre,South Dakota,57017,United States,8363,Student,9/29/2017,674
349,Wayne,Dixon,7/31/1960,cheryl45@example.net,+1-392-637-9332x7952,8156 Tyler Glen Apt. 936,Harrisburg,Pennsylvania,18798,United States,73176,Retired,6/11/2018,314
350,Gary,Rodriguez,4/14/1987,glynch@example.org,(377)461-0406,470 Anderson Landing,Saint Paul,Minnesota,56424,United States,78819,Employed,7/11/2017,765
351,Nicholas,Gomez,1/12/1969,taylorjennifer@example.com,-7898,129 Navarro Flat Apt. 648,Montpelier,Vermont,5154,United States,68528,Self-Employed,3/18/2020,690
352,Regina,Savage,7/21/1968,carl82@example.net,+1-552-224-9819x5061,8649 Jessica Rapids Apt. 422,Atlanta,Georgia,30463,United States,89605,Self-Employed,3/13/2022,410
353,Michael,Fitzgerald,12/1/1965,allisonphillips@example.com,+1-695-752-9375x2161,367 Mcpherson Ports Suite 598,Sacramento,California,91040,United States,68739,Retired,4/3/2024,325
354,Paula,Schwartz,10/22/1993,smithamanda@example.net,998-414-4149,211 Gary Points,Montpelier,Vermont,5124,United States,5850,Student,10/26/2023,635
355,Melanie,Little,2/26/1981,ronnie85@example.org,+1-621-447-8534x01629,768 Sabrina Cliff Suite 553,Columbia,South Carolina,29855,United States,11026,Unemployed,11/26/2018,364
356,Craig,Hunt,6/28/1953,jeffreygriffin@example.com,780.380.8620,766 Moore Locks,Bismarck,North Dakota,58374,United States,71062,Retired,5/25/2020,609
357,Walter,Bass,10/21/1995,bradley28@example.net,4115570462,8383 Bailey Motorway,Phoenix,Arizona,85009,United States,66761,Employed,4/2/2016,443
358,Kelly,York,6/8/1996,esummers@example.net,922-324-1875,548 Keith Stravenue,Frankfort,Kentucky,40132,United States,72835,Employed,12/31/2018,611
359,Suzanne,Ruiz,5/7/1994,elizabeth96@example.net,+1-589-736-5538x7603,2226 Martin Heights Suite 980,Carson City,Nevada,89415,United States,85618,Employed,9/14/2015,399
360,Jamie,Cooke,5/20/1995,denisemiller@example.com,(527)321-7912x64037,1500 Russell Rapid,Salt Lake City,Utah,84577,United States,6564,Student,7/14/2021,438
361,Joseph,Flores,6/10/1964,christopher14@example.net,001-225-310-9017,4291 Walker Glen Suite 471,Albany,New York,5394,United States,107428,Self-Employed,1/16/2015,729
362,Michelle,Potts,1/18/1981,kimberlychavez@example.com,280.389.4297x114,409 Townsend Cliff Apt. 939,Bismarck,North Dakota,58783,United States,18875,Unemployed,7/14/2024,724
363,Sandra,Davis,11/1/1966,cassandrataylor@example.org,432-917-4452x9342,57304 Wallace Estates,Annapolis,Maryland,20833,United States,71838,Retired,9/24/2022,717
364,Tiffany,King,10/19/1986,palmerthomas@example.com,-3077,131 Nicholas Street Apt. 525,Carson City,Nevada,89656,United States,81256,Self-Employed,7/11/2018,333
365,Joseph,Leach,10/3/1996,mossfrancisco@example.net,001-818-908-7232x56425,767 Kara Run Apt. 627,Concord,New Hampshire,3353,United States,12672,Unemployed,10/11/2021,754
366,Ashley,Martinez,1/25/1991,pwilliams@example.org,5852303700,43026 Williams Shore Suite 172,Charleston,West Virginia,26402,United States,15855,Unemployed,5/3/2018,671
367,Ricky,Phelps,8/1/1974,davidthompson@example.com,982.285.4776,0630 Alexander Hill,Helena,Montana,59546,United States,113026,Self-Employed,8/5/2020,667
368,Cheyenne,Thomas,1/29/1970,steve53@example.org,(460)750-9364x3788,45165 Smith Pass,Providence,Rhode Island,2931,United States,60496,Self-Employed,12/29/2023,494
369,Joshua,Vaughn,2/25/1963,johnrichardson@example.net,964-598-0501x33576,9428 Melissa Prairie,Santa Fe,New Mexico,87345,United States,69516,Retired,8/27/2020,393
370,Jodi,Vaughan,12/14/1994,lisa45@example.org,(428)712-1791x8595,1387 Russell Ridge,Saint Paul,Minnesota,56458,United States,6632,Student,10/18/2021,321
371,Kimberly,Medina,5/1/1962,suzanne88@example.net,(995)844-4502x7775,56225 Fernandez Summit Apt. 363,Boston,Massachusetts,4004,United States,88861,Self-Employed,1/20/2024,549
372,Raven,Welch,11/20/1997,lisa23@example.com,(542)536-8401,51943 Shannon Locks,Nashville,Tennessee,38544,United States,11418,Student,6/27/2016,510
373,John,Jones,1/1/2002,kmiller@example.net,001-726-504-9445x15665,62252 Houston Keys Suite 827,Raleigh,North Carolina,27743,United States,7125,Student,8/29/2022,512
374,April,Tanner,12/19/1998,john46@example.net,335-571-0658,1890 Erin Key,Baton Rouge,Louisiana,71494,United States,16269,Unemployed,12/7/2019,636
375,Mark,Espinoza,6/13/1992,cjohnson@example.org,+1-214-264-8453x0184,44719 Ricky Trail,Santa Fe,New Mexico,87322,United States,7472,Student,7/4/2021,302
376,Andrea,Thomas,4/27/1989,jacobramirez@example.com,705-804-1613,0809 Chambers Street Suite 853,Olympia,Washington,98334,United States,12499,Unemployed,2/13/2017,433
377,Robert,Farmer,4/25/2000,hintonanthony@example.net,774-837-9081x8758,171 Morgan Walk,Olympia,Washington,98752,United States,17557,Unemployed,11/6/2017,412
378,Richard,Rodgers,9/27/1998,hansonsherry@example.net,2129398948,909 Palmer Parks,Jackson,Mississippi,39480,United States,50362,Employed,7/2/2021,434
379,John,Jones,11/28/1985,juan86@example.org,(660)705-6261,5816 Matthew Village,Helena,Montana,59079,United States,18962,Unemployed,11/11/2016,631
380,Amanda,Holloway,3/4/1963,smithpaul@example.com,957.975.8296x18530,425 Brenda Meadow,Columbus,Ohio,43417,United States,73546,Self-Employed,3/7/2023,353
381,Susan,Rivas,4/23/1951,morgan77@example.org,(380)660-9251x71791,6274 Flynn Rue,Nashville,Tennessee,38037,United States,64259,Retired,2/17/2023,838
382,Edward,Parker,4/7/1981,ambermiller@example.org,688-435-4073,60062 Victoria Lake Suite 366,Columbia,South Carolina,29009,United States,67990,Employed,6/28/2018,787
383,Andrew,Case,4/16/1961,ytaylor@example.com,476-838-9278x3220,7367 Sally Forges,Des Moines,Iowa,50483,United States,75871,Self-Employed,12/25/2019,825
384,Michael,Estes,6/2/1952,kfields@example.net,698.335.0378,577 Davis Ridges Apt. 086,Salt Lake City,Utah,84112,United States,75337,Retired,2/13/2020,815
385,Matthew,Fry,1/19/2001,ukelly@example.net,957.876.1498x873,2056 Michael Ridge Apt. 582,Austin,Texas,81523,United States,10243,Student,5/15/2017,344
386,David,Anderson,8/26/2003,haleelizabeth@example.org,001-897-802-5507x8042,56791 Amber Valleys,Little Rock,Arkansas,71650,United States,9642,Student,6/17/2019,608
387,Matthew,Hess,8/29/1992,shanechapman@example.net,001-933-628-2836,19822 Watkins Villages,Bismarck,North Dakota,58494,United States,70560,Employed,12/6/2016,362
388,Lori,Hunt,3/30/1957,dyerapril@example.org,595.937.5911x5761,8640 Edward Springs Suite 699,Montpelier,Vermont,5115,United States,63041,Retired,11/24/2020,736
389,Mark,Peters,6/16/1960,richardnichols@example.org,579.565.5327,696 Lewis Keys,Jackson,Mississippi,38760,United States,65095,Retired,11/5/2017,754
390,Betty,Thomas,11/16/1998,ksimmons@example.net,849-669-5693x463,1010 Wilson Lane,Augusta,Maine,4324,United States,88061,Employed,4/20/2022,629
391,Christopher,Stone,8/10/1980,copelandchristopher@example.org,(429)887-2975x5220,5859 Samuel Plaza,Columbia,South Carolina,29922,United States,97177,Employed,3/27/2015,429
392,Vincent,Oliver,2/19/1991,scottmora@example.net,001-627-436-3922x96294,5617 Sergio Square,Jackson,Mississippi,39120,United States,7801,Student,12/1/2021,632
393,Sherri,Perry,3/8/1999,hsmith@example.org,219.682.7461x0138,4406 Santana Port Suite 536,Salem,Oregon,97050,United States,6072,Student,11/5/2017,843
394,Edward,Stuart,11/28/1994,bbaldwin@example.org,845-748-2636x9289,9601 Smith Mountain Apt. 479,Helena,Montana,59755,United States,8167,Student,9/13/2018,740
395,Tiffany,Wells,10/2/1997,rnguyen@example.net,862.212.4058,19119 Bryan Mews,Hartford,Connecticut,6905,United States,40854,Employed,12/8/2015,520
396,Eric,Elliott,5/17/1980,carmen68@example.com,-4272,56189 Michael Camp,Annapolis,Maryland,21266,United States,15718,Unemployed,9/6/2022,723
397,Joshua,Carrillo,2/1/1962,christopherchavez@example.net,915.423.9869x315,9564 Beverly Garden,Boston,Massachusetts,2494,United States,61426,Retired,6/1/2023,708
398,Anthony,Kennedy,6/4/1982,kevin11@example.com,(464)698-7743,6448 Paul Falls Apt. 080,Baton Rouge,Louisiana,70606,United States,84500,Employed,4/18/2018,620
399,Isaac,West,4/11/1987,michealwang@example.com,448-687-2712,241 Stephanie Trace,Pierre,South Dakota,57149,United States,111413,Self-Employed,6/25/2016,683
400,Jennifer,Brown,3/7/1955,joseph93@example.org,507-740-2373,8438 Charles Lights,Montgomery,Alabama,35979,United States,61554,Retired,4/27/2016,368
401,Donna,Jones,10/30/1993,steven06@example.org,255.568.3585x415,672 James Brooks Suite 280,Raleigh,North Carolina,27445,United States,83971,Employed,6/25/2020,395
402,Brian,Lopez,2/17/1967,danderson@example.org,(644)201-3024,6470 Long Park,Augusta,Maine,4588,United States,95435,Self-Employed,3/12/2021,433
403,Tamara,Owen,2/22/1994,nallen@example.com,001-461-713-1900x93097,358 Vanessa Street Suite 390,Boston,Massachusetts,2097,United States,9983,Student,2/6/2021,637
404,Lisa,Cooke,11/26/1964,georgeadkins@example.net,+1-967-889-8303x11537,6811 Holly Glens,Springfield,Illinois,60391,United States,75008,Retired,7/5/2024,662
405,Darlene,Wilson,8/13/1961,christopherwong@example.net,(419)797-6248,626 Victoria Views,Charleston,West Virginia,26729,United States,73412,Retired,3/24/2023,352
406,Charles,Hensley,11/27/1998,yandrade@example.net,001-230-878-1913x5035,267 Wright Port,Denver,Colorado,81640,United States,9170,Student,9/18/2019,619
407,Robert,Wilson,6/22/2002,tanner96@example.org,671-672-1233,8640 Reyes Trafficway,Phoenix,Arizona,85557,United States,11030,Student,6/13/2021,819
408,Cindy,Jenkins,7/19/1956,meganferguson@example.com,-6528,8058 Tate Lights,Tallahassee,Florida,33679,United States,72060,Retired,4/16/2020,529
409,James,Jenkins,7/2/1963,williamsangel@example.net,001-621-293-2878x18364,591 Brittney Land,Des Moines,Iowa,51403,United States,67235,Self-Employed,12/21/2021,676
410,Gary,Mendoza,5/21/1987,julie57@example.org,001-537-786-1135x6608,537 Dana Neck,Carson City,Nevada,89346,United States,76253,Self-Employed,4/13/2018,531
411,Katelyn,Larson,6/25/1997,ricardo96@example.net,805-541-4074x942,765 Leah Square Apt. 547,Olympia,Washington,98898,United States,7082,Student,2/27/2016,326
412,David,Palmer,12/11/1965,david03@example.net,907.770.9616,007 Robert Mountain,Saint Paul,Minnesota,56274,United States,53809,Self-Employed,1/7/2021,329
413,Katherine,Rodriguez,5/21/1984,wendywalters@example.org,974.283.4754x613,247 Julie Cliff,Richmond,Virginia,24299,United States,68610,Self-Employed,8/19/2017,647
414,Suzanne,Hartman,6/13/1991,ybullock@example.org,3092408326,05948 Gonzalez Terrace Apt. 514,Hartford,Connecticut,6635,United States,16928,Unemployed,8/14/2020,446
415,Elizabeth,Jones,1/21/1968,carlwilson@example.net,(689)252-1213x093,49377 Mercer Place,Dover,Delaware,19789,United States,70416,Retired,7/29/2024,371
416,Lori,Martin,4/24/1983,kimberlyrodriguez@example.net,(759)544-2772x0928,1807 Davis Stravenue,Austin,Texas,79262,United States,52327,Employed,10/15/2023,393
417,Erica,Bell,1/13/1990,spencernicole@example.com,001-850-961-8131,99898 Mckay Union Apt. 086,Boise,Idaho,83695,United States,15003,Unemployed,11/8/2021,685
418,Charles,Miller,12/6/1983,george70@example.org,550.793.5165x074,668 White Manor,Cheyenne,Wyoming,82550,United States,117313,Self-Employed,8/29/2021,461
419,Parker,Miller,9/20/1985,thomaslori@example.net,(750)312-3910x65327,6307 Joseph Grove Apt. 927,Albany,New York,2589,United States,75474,Self-Employed,2/10/2022,386
420,Sherry,Romero,10/6/1999,donna57@example.com,771.225.0825x11343,546 Jones Station Apt. 761,Olympia,Washington,98877,United States,18397,Unemployed,12/18/2015,461
421,Ashley,Braun,4/18/1997,jason32@example.org,280.429.2225x77204,377 Kevin Ranch,Richmond,Virginia,21806,United States,98690,Employed,5/17/2016,383
422,Tracy,Tran,2/3/1967,ffrost@example.net,517.387.3278x4843,3034 Smith Village Apt. 300,Lincoln,Nebraska,68155,United States,69675,Retired,1/13/2023,797
423,Mary,Davis,5/17/1962,sawyerkimberly@example.net,001-218-744-6596x3068,518 Johnston Canyon Suite 499,Jackson,Mississippi,39392,United States,64739,Retired,9/1/2021,579
424,Nathan,Kennedy,7/15/1995,william48@example.net,(649)611-5252x326,423 William Stream Suite 291,Lansing,Michigan,48768,United States,13255,Student,7/27/2019,416
425,Ricky,Ruiz,9/5/1982,qbooker@example.net,529-835-5148x090,0586 Gonzalez Rest Apt. 901,Salem,Oregon,97768,United States,61858,Employed,1/20/2020,590
426,Jay,Miller,3/21/1993,herreratodd@example.net,2732991871,69419 Tina Loop Suite 180,Jackson,Mississippi,39263,United States,10623,Student,11/17/2019,798
427,Michael,Patton,12/9/1966,caleb43@example.com,(583)290-0111,0829 Willis Harbors,Harrisburg,Pennsylvania,16286,United States,118584,Self-Employed,5/29/2023,346
428,Katelyn,Christensen,4/18/1999,amy63@example.org,(509)727-2543,2429 Smith Mall Suite 791,Lansing,Michigan,48279,United States,7248,Student,1/23/2016,356
429,James,Schaefer,3/2/1987,gjohnson@example.org,001-234-717-4729x492,18114 Tanya Square Suite 374,Augusta,Maine,4161,United States,84626,Self-Employed,11/10/2023,516
430,Natalie,Berry,10/30/1971,shieldskyle@example.com,234.203.6842x3312,31965 Stanley Stream Apt. 244,Bismarck,North Dakota,58270,United States,78656,Self-Employed,4/19/2024,596
431,John,Stevenson,9/25/1988,martinezpatricia@example.com,517.640.5378,537 Gabriel Loaf Suite 288,Baton Rouge,Louisiana,70864,United States,83792,Employed,12/17/2014,809
432,Andrew,Stephens,10/28/1980,pking@example.net,+1-292-907-7924x6406,9528 Alyssa Tunnel Apt. 567,Oklahoma City,Oklahoma,73102,United States,10769,Unemployed,6/4/2019,432
433,Stephanie,West,10/16/1980,douglas05@example.org,494-411-0769,95264 Stephen Glen,Sacramento,California,90515,United States,14996,Unemployed,4/9/2023,812
434,William,Wilkerson,4/13/1964,hayesedward@example.com,(252)901-9174x1777,82194 Devin Loaf Suite 104,Tallahassee,Florida,34419,United States,90644,Self-Employed,7/10/2022,373
435,Austin,Lopez,5/11/1987,timothyscott@example.org,(706)318-3624x079,8339 Oliver Hollow Suite 619,Dover,Delaware,19873,United States,70563,Employed,8/14/2016,746
436,Christopher,Baker,1/1/1998,bobbyfrank@example.com,424-580-4948,0227 Patrick Hills Suite 022,Bismarck,North Dakota,58325,United States,89351,Employed,8/5/2017,620
437,Tara,Snyder,5/1/2002,smiththomas@example.net,863.599.6537x4686,476 Montgomery Rest,Sacramento,California,91094,United States,12018,Student,12/3/2018,714
438,Scott,Valdez,2/23/1968,kennethmorrow@example.org,001-252-385-1402,6507 Moon Loaf Suite 240,Topeka,Kansas,66585,United States,67799,Retired,12/14/2020,596
439,David,Mitchell,9/11/1997,scott79@example.net,(872)591-0537x024,40426 Megan Station,Augusta,Maine,4315,United States,40427,Employed,7/3/2019,632
440,Danielle,Ross,4/15/1991,christophersmith@example.org,(753)839-1142x99564,723 Tricia Station Suite 412,Columbia,South Carolina,29720,United States,14149,Student,11/29/2022,771
441,Sheri,Bryant,6/9/1963,erikabullock@example.com,(633)767-0059x16849,676 Evans Key,Helena,Montana,59238,United States,75480,Self-Employed,2/17/2016,390
442,David,Jordan,6/11/1989,jeffreywheeler@example.org,278.637.9050,06692 Steven Island Suite 700,Columbus,Ohio,45096,United States,65357,Employed,6/29/2019,549
443,Joseph,Dillon,9/15/1956,monica71@example.com,6477044973,6270 Jimenez Key,Jefferson City,Missouri,65174,United States,72704,Retired,1/11/2020,836
444,Kathleen,Schmidt,6/12/1986,fgonzalez@example.com,(568)555-8685,560 Garza Plaza Apt. 724,Helena,Montana,59548,United States,92411,Self-Employed,5/25/2017,647
445,Eduardo,Klein,8/15/2000,bryandiaz@example.net,001-395-646-6990x5236,8495 Johnson Islands,Oklahoma City,Oklahoma,73886,United States,19628,Unemployed,7/18/2019,378
446,Jacqueline,Jenkins,1/6/1995,colliercarol@example.com,712.834.6949x73550,29565 Jackson Point Apt. 004,Atlanta,Georgia,33896,United States,40446,Employed,5/20/2021,843
447,Kathy,Nichols,6/24/1981,kelly38@example.com,328.867.3070,040 Patterson Drive Apt. 225,Oklahoma City,Oklahoma,74539,United States,51671,Self-Employed,1/1/2021,659
448,Brian,Edwards,3/6/1993,carolyn95@example.net,360-619-3464x9847,76879 Bell Greens Suite 514,Columbia,South Carolina,29365,United States,17295,Unemployed,3/9/2019,541
449,Tommy,Gonzalez,9/23/1980,jasonparsons@example.org,308-530-3573x2283,641 Grace Island Apt. 316,Des Moines,Iowa,52344,United States,115983,Self-Employed,8/13/2023,502
450,Angela,Hogan,12/4/1980,williamskelly@example.net,(602)765-5792x296,6143 Rebecca Glens Apt. 084,Bismarck,North Dakota,58152,United States,16690,Unemployed,9/7/2019,377
451,Linda,Jones,1/5/1952,fschroeder@example.net,486.941.8187x555,30864 Wanda Roads,Oklahoma City,Oklahoma,74353,United States,72845,Retired,5/18/2018,775
452,Kelly,Clark,12/16/1999,christian61@example.org,(987)489-8990x241,916 Michael Stravenue Suite 150,Carson City,Nevada,88979,United States,6854,Student,2/15/2019,759
453,Sean,Gomez,6/16/1990,tmatthews@example.org,9494301774,6076 Griffin Islands,Olympia,Washington,98135,United States,7158,Student,8/18/2019,630
454,Allen,Lang,5/12/1979,rodriguezchristopher@example.com,904-648-9030,407 Cruz Pike Apt. 057,Raleigh,North Carolina,27187,United States,51673,Self-Employed,3/26/2023,454
455,Jacob,Morris,8/15/1957,stephenevans@example.org,8494167375,6734 Bruce Trail,Lincoln,Nebraska,69065,United States,78901,Retired,2/28/2024,752
456,Michele,White,2/17/1983,jasminemorris@example.com,(688)541-8398,53706 Jason Ridges Suite 136,Madison,Wisconsin,54373,United States,101598,Self-Employed,1/14/2016,357
457,Kristin,Acevedo,7/27/2000,williamsonrobert@example.net,637-320-9493x64056,73753 Flores Burg,Madison,Wisconsin,53551,United States,86425,Employed,2/9/2023,617
458,Antonio,Stephens,9/5/1995,tommy03@example.com,(336)759-5188x32102,3259 Brown Trace Apt. 542,Denver,Colorado,81237,United States,94850,Employed,3/16/2023,358
459,Jennifer,Wright,1/10/1989,brenda37@example.org,207.304.1230x681,446 Richards Viaduct,Honolulu,Hawaii,96863,United States,50177,Self-Employed,8/8/2021,378
460,Sydney,Thompson,7/5/1996,rwilliams@example.com,315.752.1925x91098,04358 Meghan Mountain,Concord,New Hampshire,3135,United States,42154,Employed,10/7/2017,819
461,Robert,Stevens,9/21/1996,hobbsdeborah@example.net,454.725.7806x295,14782 Rush View,Annapolis,Maryland,20903,United States,7443,Student,2/28/2017,342
462,Shari,Meza,2/20/1993,annette99@example.org,001-725-457-3201x7019,324 Gonzalez Mall Suite 048,Annapolis,Maryland,20911,United States,12259,Student,2/5/2015,492
463,Paul,Rodriguez,8/6/1970,brandon42@example.com,811.954.0477x9734,107 Troy Shores,Olympia,Washington,98639,United States,65837,Retired,6/27/2019,813
464,Donald,White,12/21/1996,stevenwhite@example.net,7974865542,173 Mccoy Loop Suite 052,Atlanta,Georgia,30277,United States,88986,Employed,6/26/2018,761
465,Joshua,Smith,6/21/1989,michaelcampbell@example.com,001-589-521-7411,9826 Peter Unions,Trenton,New Jersey,8289,United States,53297,Self-Employed,1/31/2024,386
466,Johnny,Chambers,7/21/1998,jason18@example.org,411-874-6621,5851 Gilbert Rapid Apt. 819,Nashville,Tennessee,38027,United States,10293,Unemployed,12/23/2017,340
467,Jessica,Francis,7/4/1970,heidiwright@example.com,-1937,3366 Johnson Glen,Atlanta,Georgia,34231,United States,65318,Retired,3/1/2019,749
468,Randall,Kelly,5/24/2004,jason19@example.net,851.447.3215,25565 Meadows Corner Apt. 195,Cheyenne,Wyoming,83014,United States,13319,Student,11/5/2022,462
469,Daniel,Warner,2/10/1988,waynefields@example.com,(838)203-8365,5823 Torres Stravenue Suite 446,Lincoln,Nebraska,69220,United States,54164,Self-Employed,11/9/2023,696
470,Antonio,Marquez,10/2/1970,lopezsusan@example.com,(474)510-0288x8141,45190 Andrew Stravenue,Pierre,South Dakota,57133,United States,52970,Self-Employed,9/24/2024,353
471,Lindsay,Dillon,11/17/1976,elizabethcox@example.net,(885)425-5277x2365,84202 Andrew Underpass,Salt Lake City,Utah,84463,United States,52816,Self-Employed,1/29/2017,367
472,Ashley,Willis,4/2/1993,gwalter@example.com,(953)809-2904x55063,48353 Eric Key,Boise,Idaho,83406,United States,10146,Student,12/23/2020,695
473,Alyssa,Jones,3/26/1999,timothy18@example.org,247.910.6407,743 Jonathan Points Apt. 975,Boston,Massachusetts,2250,United States,11513,Student,2/3/2017,453
474,Michael,Harris,2/17/2003,whull@example.org,(209)484-3415x699,79661 Brown Stravenue,Lincoln,Nebraska,68505,United States,10552,Student,11/29/2019,444
475,Brian,Weaver,10/27/1989,steve82@example.com,403-981-7785x9303,54612 Miller Villages Apt. 966,Juneau,Alaska,99721,United States,77863,Self-Employed,3/5/2018,701
476,Monica,Adams,9/15/1984,courtney15@example.org,001-663-522-4670x4563,61162 Singleton Pass Apt. 793,Harrisburg,Pennsylvania,19313,United States,97875,Employed,11/27/2016,617
477,Emily,Black,5/6/1981,anthony60@example.net,+1-620-815-0467x4553,3198 Riggs Pines,Honolulu,Hawaii,96724,United States,69914,Self-Employed,11/9/2022,430
478,Sarah,Thompson,11/30/1997,samuelmendoza@example.net,+1-216-754-7992x8523,99440 Chad Harbor Suite 570,Santa Fe,New Mexico,87699,United States,8178,Student,12/9/2018,395
479,Karen,Myers,6/25/1955,cooperjuan@example.org,(598)592-6932x823,773 Lisa Springs,Jackson,Mississippi,39630,United States,72208,Retired,3/5/2016,820
480,Ryan,Moore,11/21/1984,blaketimothy@example.org,227.393.9203x00247,4015 Tina Haven Suite 915,Providence,Rhode Island,2858,United States,70940,Self-Employed,11/5/2014,616
481,Mary,Rivera,12/11/1990,andrew27@example.com,(589)815-5414x549,79754 Ashley Ridge,Trenton,New Jersey,8661,United States,13585,Unemployed,10/18/2024,649
482,Lori,White,11/7/1952,aliciadalton@example.com,237.909.1402,13768 Johnson Mountains Apt. 622,Montpelier,Vermont,5183,United States,74848,Retired,12/17/2017,496
483,Melissa,Frey,5/21/1986,hubercody@example.org,4686658722,023 Mays Shores,Annapolis,Maryland,21850,United States,13037,Unemployed,1/19/2016,458
484,Brandon,Williams,10/20/1983,shawkristy@example.com,(424)375-7725,08839 Black Fields Suite 691,Bismarck,North Dakota,58745,United States,50605,Employed,11/15/2020,819
485,Alicia,Francis,9/12/1994,jason79@example.net,+1-812-385-8380x5031,668 Tina Track,Charleston,West Virginia,25146,United States,7301,Student,9/18/2020,338
486,Sarah,Ochoa,5/29/2000,annmontgomery@example.net,(664)357-4490x54434,24496 Jennifer Light,Tallahassee,Florida,34523,United States,6743,Student,12/26/2020,434
487,James,Charles,11/6/1987,sheltonhannah@example.org,(633)419-1895,063 Weaver Summit,Providence,Rhode Island,2835,United States,18088,Unemployed,6/23/2020,466
488,Robert,Padilla,6/2/1991,lisajenkins@example.net,358.964.8609,404 Leah Estate Suite 500,Montgomery,Alabama,36658,United States,12197,Student,2/22/2017,469
489,Jennifer,Franklin,11/16/1982,thunt@example.org,+1-711-629-2218x426,844 Ortega Walk Apt. 076,Columbia,South Carolina,29673,United States,82850,Employed,5/14/2015,720
490,Shannon,James,11/13/1990,graymelanie@example.net,7298629692,0585 Paul Spurs,Augusta,Maine,4485,United States,16640,Unemployed,7/14/2021,754
491,Scott,Blevins,6/12/1953,ndavis@example.net,435-687-2855x692,2126 Leslie Corner,Cheyenne,Wyoming,82134,United States,64766,Retired,9/22/2020,539
492,Makayla,Ferguson,6/7/1969,porterjoseph@example.org,(810)857-6868x7358,61324 Wilson Island Suite 291,Austin,Texas,75037,United States,62296,Self-Employed,8/3/2022,780
493,Holly,Patterson,2/28/1993,powellsamantha@example.org,7694800891,67218 Martin Gardens,Pierre,South Dakota,57279,United States,18404,Unemployed,7/8/2019,676
494,Timothy,Snyder,10/7/2001,ethan16@example.org,658.468.8110,093 Austin Place,Boston,Massachusetts,1967,United States,9920,Student,2/25/2017,751
495,Jessica,Vargas,11/1/1990,ericaedwards@example.com,812.432.8107x908,32350 Nolan Shore,Madison,Wisconsin,54069,United States,110741,Self-Employed,5/12/2018,691
496,Emily,Alvarez,3/23/1958,amyking@example.org,989.422.6252x7983,68732 Lawrence Trafficway Suite 532,Helena,Montana,59308,United States,63282,Retired,10/11/2021,465
497,Alexandria,Burgess,2/28/2004,gordongregory@example.net,-2305,939 Sharon Meadow,Olympia,Washington,98346,United States,6917,Student,5/5/2019,441
498,Corey,Anderson,10/26/1983,dwood@example.net,358.727.6353x76118,9378 Flores Motorway,Richmond,Virginia,20908,United States,98378,Employed,10/4/2019,792
499,Joseph,Burns,8/10/1994,irwincassandra@example.com,860-954-5824x78259,7004 Ryan View,Concord,New Hampshire,3385,United States,5068,Student,4/15/2017,405
500,Amy,Reynolds,7/23/1997,ambertyler@example.net,3947381574,324 Perry Mountain Apt. 029,Topeka,Kansas,66060,United States,8200,Student,6/30/2021,427
